index,name,position,country
john-smith,John Smith,Senator,United States
carlos-hernandez,Carlos Hernández,President,Mexico
liam-oconnor,Liam O'Connor,Prime Minister,Ireland
hiroshi-tanaka,Hiroshi Tanaka,Governor,Japan
jean-dupont,Jean Dupont,Mayor,France
ahmed-hassan,Ahmed Hassan,Minister of Finance,Egypt
ivan-petrov,Ivan Petrov,Deputy,Russia
paulo-silva,Paulo Silva,Councilor,Brazil
kwame-nkrumah,Kwame Nkrumah,Ambassador,Ghana
emily-johnson,Emily Johnson,Vice President,United States
sofia-garcia,Sofia García,Senator,Spain
amelie-moreau,Amélie Moreau,Mayor,France
aisha-al-fulan,Aisha Al-Fulan,Minister of Health,UAE
olivia-brown,Olivia Brown,Governor,Canada
shrek,Shrek,Lord Protector of the Swamp,Far Far Away
jack-sparrow,Jack Sparrow,Captain,The Seven Seas
batman,Batman,Commissioner of Justice,Gotham City